<?xml version="1.0" encoding="utf-8"?><!DOCTYPE nta PUBLIC '-//Uppaal Team//DTD Flat System 1.1//EN' 'http://www.it.uu.se/research/group/darts/uppaal/flat-1_1.dtd'><nta><declaration>// Place global declarations here.
</declaration><template><name x="5" y="5">Template</name><declaration>// Place local declarations here.
</declaration><location id="id0" x="264" y="-48"><name x="254" y="-78">Err</name></location><location id="id1" x="120" y="-48"><committed/></location><location id="id2" x="-16" y="-48"></location><location id="id3" x="-96" y="-48"><name x="-106" y="-78">Init</name></location><init ref="id3"/><transition><source ref="id1"/><target ref="id0"/><label kind="guard" x="136" y="-88">tm&gt;thresh_max 
|| tm&lt;thresh_min</label></transition><transition><source ref="id1"/><target ref="id2"/><label kind="guard" x="-8" y="-32">tm&lt;=thresh_max 
&amp;&amp; tm&gt;=thresh_min</label><label kind="assignment" x="16" y="8">tm=0</label><nail x="120" y="8"/><nail x="-16" y="8"/></transition><transition><source ref="id2"/><target ref="id1"/><label kind="synchronisation" x="32" y="-72">Event?</label></transition><transition><source ref="id3"/><target ref="id2"/><label kind="synchronisation" x="-80" y="-72">Event?</label><label kind="assignment" x="-80" y="-48">tm=0</label></transition></template><template><name>P0</name><location id="id4" x="184" y="0"><name x="174" y="-30">Err</name></location><location id="id5" x="40" y="64"></location><location id="id6" x="40" y="0"><name x="16" y="-40">Check</name><committed/></location><location id="id7" x="-40" y="0"></location><location id="id8" x="-120" y="0"><name x="-130" y="-30">Init</name></location><init ref="id8"/><transition><source ref="id6"/><target ref="id4"/><label kind="guard" x="64" y="-40">tm&lt;thresh_min 
|| tm&gt;thresh_max</label></transition><transition><source ref="id6"/><target ref="id5"/><label kind="guard" x="48" y="16">tm&gt;=thresh_min 
&amp;&amp; tm&lt;=thresh_max</label></transition><transition><source ref="id5"/><target ref="id7"/><label kind="synchronisation" x="-24" y="40">Event1?</label><label kind="assignment" x="-24" y="64">tm=0</label><nail x="-40" y="64"/></transition><transition><source ref="id7"/><target ref="id6"/><label kind="synchronisation" x="-24" y="-24">Event2?</label></transition><transition><source ref="id8"/><target ref="id7"/><label kind="synchronisation" x="-104" y="-24">Event1?</label><label kind="assignment" x="-104" y="0">tm=0</label></transition></template><system>// Place template instantiations here.
Process = Template();

// List one or more processes to be composed into a system.
system Process;</system></nta>